area,2011,2021,area_gr,area_upper_gr
Lefkosia,55014,56848,Λευκωσία,ΛΕΥΚΩΣΙΑ
Agios Dometios,12456,12904,Άγιος Δομέτιος,ΆΓΙΟΣ ΔΟΜΕΤΙΟΣ
Egkomi Lefkosias,18010,20502,Έγκωμη Λευκωσίας,ΈΓΚΩΜΗ ΛΕΥΚΩΣΙΑΣ
Strovolos,67904,71123,Στρόβολος,ΣΤΡΟΒΟΛΟΣ
Aglantzia,20783,21543,Αγλαντζιά,ΑΓΛΑΝΤΖΙΑ
Lakatameia,38345,43276,Λακατάμεια,ΛΑΚΑΤΑΜΕΙΑ
Synoikismos Anthoupolis,1756,1693,Συνοικισμός Ανθούπολης,ΣΥΝΟΙΚΙΣΜΟΣ ΑΝΘΟΥΠΟΛΗΣ
Latsia,16774,18579,Λατσιά,ΛΑΤΣΙΑ
Geri,8235,9651,Γέρι,ΓΕΡΙ
Sia,754,840,Σιά,ΣΙΑ
Mathiatis,646,670,Μαθιάτης,ΜΑΘΙΑΤΗΣ
Alampra,1585,1655,Αλάμπρα,ΑΛΑΜΠΡΑ
Agia Varvara Lefkosias,2204,2866,Αγία Βαρβάρα Λευκωσίας,ΑΓΙΑ ΒΑΡΒΑΡΑ ΛΕΥΚΩΣΙΑΣ
Kotsiatis,160,171,Κοτσιάτης,ΚΟΤΣΙΑΤΗΣ
Nisou,2179,2132,Νήσου,ΝΗΣΟΥ
Pera Chorio,2637,3002,Πέρα Χωριό,ΠΕΡΑ ΧΩΡΙΟ
Dali,10466,12350,Δάλι,ΔΑΛΙ
Lympia,2694,2911,Λύμπια (τα),ΛΥΜΠΙΑ (ΤΑ)
Lythrodontas,3043,3124,Λυθροδόντας,ΛΥΘΡΟΔΟΝΤΑΣ
Louroukina,11,0,Λουρουκίνα,ΛΟΥΡΟΥΚΙΝΑ
Potamia,505,582,Ποταμιά,ΠΟΤΑΜΙΑ
Agios Sozomenos,11,5,Άγιος Σωζόμενος,ΆΓΙΟΣ ΣΩΖΟΜΕΝΟΣ
Kampi,97,80,Καμπί,ΚΑΜΠΙ
Farmakas,480,442,Φαρμακάς,ΦΑΡΜΑΚΑΣ
Apliki,87,65,Απλίκι,ΑΠΛΙΚΙ
Lazanias,39,46,Λαζανιάς,ΛΑΖΑΝΙΑΣ
Gourri,196,197,Γούρρη (του),ΓΟΥΡΡΗ (ΤΟΥ)
Fikardou,15,25,Φικάρδου (του),ΦΙΚΑΡΔΟΥ (ΤΟΥ)
Agios Epifanios Oreinis,412,449,Άγιος Επιφάνιος Ορεινής,ΆΓΙΟΣ ΕΠΙΦΑΝΙΟΣ ΟΡΕΙΝΗΣ
Kalo Chorio Oreinis,734,747,Καλό Χωριό Ορεινής,ΚΑΛΟ ΧΩΡΙΟ ΟΡΕΙΝΗΣ
Malounta,490,510,Μαλούντα,ΜΑΛΟΥΝΤΑ
Klirou,1847,1895,Κλήρου,ΚΛΗΡΟΥ
Arediou,1225,1272,Αρεδιού (το),ΑΡΕΔΙΟΥ (ΤΟ)
Agios Ioannis Malountas,472,473,Άγιος Ιωάννης Μαλούντας,ΆΓΙΟΣ ΙΩΑΝΝΗΣ ΜΑΛΟΥΝΤΑΣ
Agrokipia,509,529,Αγροκηπιά,ΑΓΡΟΚΗΠΙΑ
Mitsero,860,789,Μιτσερό,ΜΙΤΣΕΡΟ
Kapedes,572,566,Καπέδες,ΚΑΠΕΔΕΣ
Kataliontas,24,17,Καταλιόντας,ΚΑΤΑΛΙΟΝΤΑΣ
Analiontas,443,551,Αναλιόντας,ΑΝΑΛΙΟΝΤΑΣ
Kampia,475,539,Καμπιά,ΚΑΜΠΙΑ
Margi,146,163,Μαργί,ΜΑΡΓΙ
Tseri,7035,8304,Τσέρι,ΤΣΕΡΙ
Politiko,419,420,Πολιτικό,ΠΟΛΙΤΙΚΟ
Pera,1372,1421,Πέρα (τα),ΠΕΡΑ (ΤΑ)
Episkopeio,524,559,Επισκοπειό,ΕΠΙΣΚΟΠΕΙΟ
Psimolofou,1626,1914,Ψιμολόφου,ΨΙΜΟΛΟΦΟΥ
Ergates,1792,1951,Εργάτες,ΕΡΓΑΤΕΣ
Anageia,1514,1553,Ανάγεια,ΑΝΑΓΕΙΑ
Pano Deftera,2789,3007,Πάνω Δευτερά,ΠΑΝΩ ΔΕΥΤΕΡΑ
Kato Deftera,2054,2132,Κάτω Δευτερά,ΚΑΤΩ ΔΕΥΤΕΡΑ
Agioi Trimithias,1529,2036,Άγιοι Τριμιθιάς,ΆΓΙΟΙ ΤΡΙΜΙΘΙΑΣ
Palaiometocho,4145,4445,Παλαιομέτοχο,ΠΑΛΑΙΟΜΕΤΟΧΟ
Deneia,373,513,Δένεια,ΔΕΝΕΙΑ
Kokkinotrimithia,4077,4817,Κοκκινοτριμιθιά,ΚΟΚΚΙΝΟΤΡΙΜΙΘΙΑ
Mammari,1592,1907,Μάμμαρη (τα),ΜΑΜΜΑΡΗ (ΤΑ)
Palaichori Morfou,686,708,Παλαιχώρι Μόρφου,ΠΑΛΑΙΧΩΡΙ ΜΟΡΦΟΥ
Askas,170,90,Ασκάς,ΑΣΚΑΣ
Alona,67,39,Άλωνα,ΆΛΩΝΑ
Fterikoudi,90,67,Φτερικούδι,ΦΤΕΡΙΚΟΥΔΙ
Polystypos,128,133,Πολύστυπος,ΠΟΛΥΣΤΥΠΟΣ
Lagoudera,84,60,Λαγουδερά (τα),ΛΑΓΟΥΔΕΡΑ (ΤΑ)
Saranti,44,22,Σαράντι,ΣΑΡΑΝΤΙ
Livadia Lefkosias,18,3,Λιβάδια Λευκωσίας (τα),ΛΙΒΑΔΙΑ ΛΕΥΚΩΣΙΑΣ (ΤΑ)
Alithinou,9,6,Αληθινού (το),ΑΛΗΘΙΝΟΥ (ΤΟ)
Platanistasa,117,70,Πλατανιστάσα,ΠΛΑΤΑΝΙΣΤΑΣΑ
Palaichori Oreinis,333,419,Παλαιχώρι Ορεινής,ΠΑΛΑΙΧΩΡΙ ΟΡΕΙΝΗΣ
Xyliatos,138,118,Ξυλιάτος,ΞΥΛΙΑΤΟΣ
Agios Georgios Kafkallou,26,29,Άγιος Γεώργιος Καυκάλλου,ΆΓΙΟΣ ΓΕΩΡΓΙΟΣ ΚΑΥΚΑΛΛΟΥ
Nikitari,447,439,Νικητάρι,ΝΙΚΗΤΑΡΙ
Vyzakia,347,338,Βυζακιά,ΒΥΖΑΚΙΑ
Agia Marina Xyliatou,568,490,Αγία Μαρίνα Ξυλιάτου,ΑΓΙΑ ΜΑΡΙΝΑ ΞΥΛΙΑΤΟΥ
Agioi Iliofotoi,60,111,Άγιοι Ηλιόφωτοι,ΆΓΙΟΙ ΗΛΙΟΦΩΤΟΙ
Kato Moni,339,293,Κάτω Μονή,ΚΑΤΩ ΜΟΝΗ
Orounta,604,505,Ορούντα,ΟΡΟΥΝΤΑ
Pano Koutrafas,4,19,Πάνω Κουτραφάς,ΠΑΝΩ ΚΟΥΤΡΑΦΑΣ
Kato Koutrafas,17,64,Κάτω Κουτραφάς,ΚΑΤΩ ΚΟΥΤΡΑΦΑΣ
Potami,558,559,Ποτάμι,ΠΟΤΑΜΙ
Pano Zodeia,15,0,Πάνω Ζώδεια,ΠΑΝΩ ΖΩΔΕΙΑ
Akaki,3003,3109,Ακάκι,ΑΚΑΚΙ
Peristerona Lefkosias,2226,2245,Περιστερώνα Λευκωσίας,ΠΕΡΙΣΤΕΡΩΝΑ ΛΕΥΚΩΣΙΑΣ
Astromeritis,2307,2193,Αστρομερίτης,ΑΣΤΡΟΜΕΡΙΤΗΣ
Meniko,1023,1037,Μένικο,ΜΕΝΙΚΟ
Spilia,123,107,Σπήλια (τα),ΣΠΗΛΙΑ (ΤΑ)
Agia Eirini Lefkosias,27,30,Αγία Ειρήνη Λευκωσίας,ΑΓΙΑ ΕΙΡΗΝΗ ΛΕΥΚΩΣΙΑΣ
Kannavia,129,132,Καννάβια (τα),ΚΑΝΝΑΒΙΑ (ΤΑ)
Kakopetria,1274,1255,Κακοπετριά,ΚΑΚΟΠΕΤΡΙΑ
Agios Theodoros Soleas,49,58,Άγιος Θεόδωρος Σολέας,ΆΓΙΟΣ ΘΕΟΔΩΡΟΣ ΣΟΛΕΑΣ
Galata,581,571,Γαλάτα,ΓΑΛΑΤΑ
Sinaoros,228,232,Σινάορος (το),ΣΙΝΑΟΡΟΣ (ΤΟ)
Kaliana,200,176,Καλιάνα (τα),ΚΑΛΙΑΝΑ (ΤΑ)
Temvria,498,476,Τεμβριά,ΤΕΜΒΡΙΑ
Korakou,521,494,Κοράκου,ΚΟΡΑΚΟΥ
Evrychou,827,859,Ευρύχου,ΕΥΡΥΧΟΥ
Flasou,240,227,ΦΛΑΣΟΥ,ΦΛΑΣΟΥ
Agios Epifanios Soleas,0,0,Άγιος Επιφάνιος Σολέας,ΆΓΙΟΣ ΕΠΙΦΑΝΙΟΣ ΣΟΛΕΑΣ
Linou,161,152,Ληνού,ΛΗΝΟΥ
Katydata,114,100,Κατύδατα,ΚΑΤΥΔΑΤΑ
Skouriotissa,11,9,Σκουριώτισσα,ΣΚΟΥΡΙΩΤΙΣΣΑ
Pedoulas,132,138,Πεδουλάς,ΠΕΔΟΥΛΑΣ
Mylikouri,17,11,Μυλικούρι,ΜΥΛΙΚΟΥΡΙ
Moutoullas,174,126,Μουτουλλάς,ΜΟΥΤΟΥΛΛΑΣ
Oikos,158,139,Οίκος,ΟΙΚΟΣ
Kalopanagiotis,263,201,Καλοπαναγιώτης,ΚΑΛΟΠΑΝΑΓΙΩΤΗΣ
Gerakies,75,50,Γερακιές (οι),ΓΕΡΑΚΙΕΣ (ΟΙ)
Tsakistra,79,80,Τσακίστρα,ΤΣΑΚΙΣΤΡΑ
Kampos,271,171,Κάμπος,ΚΑΜΠΟΣ
Pano Pyrgos,22,18,Πάνω Πύργος,ΠΑΝΩ ΠΥΡΓΟΣ
Kato Pyrgos,1036,919,Κάτω Πύργος,ΚΑΤΩ ΠΥΡΓΟΣ
Pigenia,107,80,Πηγένια (τα),ΠΗΓΕΝΙΑ (ΤΑ)
Pachyammos,70,59,Παχύαμμος,ΠΑΧΥΑΜΜΟΣ
Agios Theodoros Tillirias,0,0,Άγιος Θεόδωρος Τιλλιρίας,ΆΓΙΟΣ ΘΕΟΔΩΡΟΣ ΤΙΛΛΙΡΙΑΣ
Mansoura,9,7,Μανσούρα,ΜΑΝΣΟΥΡΑ
Mosfili,20,20,Μοσφίλι,ΜΟΣΦΙΛΙ
Agia Napa,3212,4717,Αγία Νάπα,ΑΓΙΑ ΝΑΠΑ
Paralimni,14963,19035,Παραλίμνι,ΠΑΡΑΛΙΜΝΙ
Deryneia,5844,6229,Δερύνεια,ΔΕΡΥΝΕΙΑ
Sotira Ammochostou,5474,5905,Σωτήρα Αμμοχώστου,ΣΩΤΗΡΑ ΑΜΜΟΧΩΣΤΟΥ
Liopetri,4591,4908,Λιοπέτρι,ΛΙΟΠΕΤΡΙ
Frenaros,4298,4515,Φρέναρος (το),ΦΡΕΝΑΡΟΣ (ΤΟ)
Avgorou,4604,4921,Αυγόρου (το),ΑΥΓΟΡΟΥ (ΤΟ)
Achna,2087,2182,Άχνα,ΆΧΝΑ
Acheritou,1556,1870,Αχερίτου,ΑΧΕΡΙΤΟΥ
Larnaka,51468,52038,Λάρνακα,ΛΑΡΝΑΚΑ
Aradippou,19228,22934,Αραδίππου,ΑΡΑΔΙΠΠΟΥ
Livadia Larnakas,7206,8581,Λιβάδια Λάρνακας (τα),ΛΙΒΑΔΙΑ ΛΑΡΝΑΚΑΣ (ΤΑ)
Dromolaxia-Meneou,6689,6866,Δρομολαξιά-Μενεού,ΔΡΟΜΟΛΑΞΙΑ-ΜΕΝΕΟΥ
Kellia,387,397,Κελλιά (τα),ΚΕΛΛΙΑ (ΤΑ)
Troulloi,1175,1181,Τρούλλοι,ΤΡΟΥΛΛΟΙ
Voroklini,6134,7575,Βορόκληνη,ΒΟΡΟΚΛΗΝΗ
Avdellero,218,265,Αβδελλερό,ΑΒΔΕΛΛΕΡΟ
Pyla,2771,3869,Πύλα,ΠΥΛΑ
Xylotymvou,3655,3783,Ξυλοτύμβου,ΞΥΛΟΤΥΜΒΟΥ
Ormideia,4189,4213,Ορμίδεια,ΟΡΜΙΔΕΙΑ
Xylofagou,6231,6623,Ξυλοφάγου (το),ΞΥΛΟΦΑΓΟΥ (ΤΟ)
Pergamos,193,207,Πέργαμος (το),ΠΕΡΓΑΜΟΣ (ΤΟ)
Kiti,4252,5136,Κίτι,ΚΙΤΙ
Perivolia Larnakas,3009,3279,Περιβόλια Λάρνακας (τα),ΠΕΡΙΒΟΛΙΑ ΛΑΡΝΑΚΑΣ (ΤΑ)
Tersefanou,1299,1756,Τερσεφάνου,ΤΕΡΣΕΦΑΝΟΥ
Softades,62,74,Σοφτάδες,ΣΟΦΤΑΔΕΣ
Mazotos,832,1148,Μαζωτός,ΜΑΖΩΤΟΣ
Alaminos,345,322,Αλαμινός (η),ΑΛΑΜΙΝΟΣ (Η)
Anafotida,790,818,Αναφωτίδα,ΑΝΑΦΩΤΙΔΑ
Aplanta,6,8,Απλάντα,ΑΠΛΑΝΤΑ
Kivisili,233,266,Κιβισίλι,ΚΙΒΙΣΙΛΙ
Alethriko,1101,1652,Αλεθρικό,ΑΛΕΘΡΙΚΟ
Klavdia,427,406,Κλαυδιά,ΚΛΑΥΔΙΑ
Anglisides,1146,1253,Αγγλισίδες (οι),ΑΓΓΛΙΣΙΔΕΣ (ΟΙ)
Menogeia,50,40,Μενόγεια,ΜΕΝΟΓΕΙΑ
Petrofani,0,10,Πετροφάνι,ΠΕΤΡΟΦΑΝΙ
Athienou,5017,5202,Αθιένου,ΑΘΙΕΝΟΥ
Kalo Chorio Larnakas,1518,1535,Καλό Χωριό Λάρνακας,ΚΑΛΟ ΧΩΡΙΟ ΛΑΡΝΑΚΑΣ
Agia Anna,339,411,Αγία Άννα,ΑΓΙΑ ΆΝΝΑ
Mosfiloti,1365,1470,Μοσφιλωτή,ΜΟΣΦΙΛΩΤΗ
Psevdas,1261,1289,Ψευδάς,ΨΕΥΔΑΣ
Pyrga Larnakas,812,871,Πυργά Λάρνακας (η),ΠΥΡΓΑ ΛΑΡΝΑΚΑΣ (Η)
Kornos,2083,2064,Κόρνος,ΚΟΡΝΟΣ
Delikipos,23,36,Δελίκηπος,ΔΕΛΙΚΗΠΟΣ
Kosi,0,0,Not Found,NOT FOUND
Zygi,589,665,Ζύγι,ΖΥΓΙ
Mari,158,102,Μαρί,ΜΑΡΙ
Kalavasos,737,880,Καλαβασός (η),ΚΑΛΑΒΑΣΟΣ (Η)
Tochni,424,438,Τόχνη,ΤΟΧΝΗ
Choirokoitia,632,761,Χοιροκοιτία,ΧΟΙΡΟΚΟΙΤΙΑ
Psematismenos,271,301,Ψεματισμένος,ΨΕΜΑΤΙΣΜΕΝΟΣ
Maroni,710,742,Μαρώνι,ΜΑΡΩΝΙ
Agios Theodoros Larnakas,663,727,Άγιος Θεόδωρος Λάρνακας,ΆΓΙΟΣ ΘΕΟΔΩΡΟΣ ΛΑΡΝΑΚΑΣ
Skarinou,393,414,Σκαρίνου,ΣΚΑΡΙΝΟΥ
Kofinou,1312,1306,Κοφίνου,ΚΟΦΙΝΟΥ
Kato Lefkara,128,119,Κάτω Λεύκαρα (τα),ΚΑΤΩ ΛΕΥΚΑΡΑ (ΤΑ)
Pano Lefkara,762,868,Πάνω Λεύκαρα (τα),ΠΑΝΩ ΛΕΥΚΑΡΑ (ΤΑ)
Kato Drys,129,114,Κάτω Δρύς,ΚΑΤΩ ΔΡΥΣ
Vavla,52,50,Βάβλα,ΒΑΒΛΑ
Lageia,28,36,Λάγεια,ΛΑΓΕΙΑ
Ora,206,190,Ορά,ΟΡΑ
Melini,59,88,Μελίνη,ΜΕΛΙΝΗ
Odou,213,202,Οδού,ΟΔΟΥ
Agioi Vavatsinias,131,97,Άγιοι Βαβατσινιάς,ΆΓΙΟΙ ΒΑΒΑΤΣΙΝΙΑΣ
Vavatsinia,81,75,Βαβατσινιά,ΒΑΒΑΤΣΙΝΙΑ
Lemesos,101000,108105,Λεμεσός,ΛΕΜΕΣΟΣ
Mesa Geitonia,14477,15949,Μέσα Γειτονιά,ΜΕΣΑ ΓΕΙΤΟΝΙΑ
Agios Athanasios,14347,16563,Άγιος Αθανάσιος,ΆΓΙΟΣ ΑΘΑΝΑΣΙΟΣ
Germasogeia,13421,17325,Γερμασόγεια,ΓΕΡΜΑΣΟΓΕΙΑ
Pano Polemidia,3470,3419,ΠΑΝΩ ΠΟΛΕΜΙΔΙΑ,ΠΑΝΩ ΠΟΛΕΜΙΔΙΑ
Ypsonas,11117,13966,Ύψωνας,ΎΨΩΝΑΣ
Kato Polemidia,22369,23231,Κάτω Πολεμίδια,ΚΑΤΩ ΠΟΛΕΜΙΔΙΑ
Palodeia,1568,2115,Παλόδεια,ΠΑΛΟΔΕΙΑ
Paramytha,569,710,Παραμύθα,ΠΑΡΑΜΥΘΑ
Spitali,316,346,Σπιτάλι,ΣΠΙΤΑΛΙ
Fasoula Lemesou,560,730,Φασούλα Λεμεσού,ΦΑΣΟΥΛΑ ΛΕΜΕΣΟΥ
Mathikoloni,174,200,Μαθικολώνη,ΜΑΘΙΚΟΛΩΝΗ
Gerasa,69,81,Γεράσα,ΓΕΡΑΣΑ
Apsiou,208,252,Αψιού,ΑΨΙΟΥ
Apesia,474,590,Απεσιά,ΑΠΕΣΙΑ
Korfi,199,273,Κορφή,ΚΟΡΦΗ
Limnatis,314,303,Λιμνάτης,ΛΙΜΝΑΤΗΣ
Kapileio,34,62,Καπηλειό,ΚΑΠΗΛΕΙΟ
Mouttagiaka,2939,3243,Μουτταγιάκα,ΜΟΥΤΤΑΓΙΑΚΑ
Armenochori,218,211,Αρμενοχώρι,ΑΡΜΕΝΟΧΩΡΙ
Foinikaria,339,460,Φοινικάρια (τα),ΦΟΙΝΙΚΑΡΙΑ (ΤΑ)
Akrounta,455,521,Ακρούντα,ΑΚΡΟΥΝΤΑ
Agios Tychon,3455,4413,Άγιος Τύχων,ΆΓΙΟΣ ΤΥΧΩΝ
Parekklisia,2738,3489,Παρεκκλησιά,ΠΑΡΕΚΚΛΗΣΙΑ
Pentakomo,644,764,Πεντάκωμο,ΠΕΝΤΑΚΩΜΟ
Monagroulli,536,790,Μοναγρούλλι,ΜΟΝΑΓΡΟΥΛΛΙ
Moni,622,938,Μονή,ΜΟΝΗ
Pyrgos,2363,3020,Πύργος,ΠΥΡΓΟΣ
Asgata,417,465,Ασγάτα,ΑΣΓΑΤΑ
Vasa Kellakiou,73,73,Βάσα Κελλακίου,ΒΑΣΑ ΚΕΛΛΑΚΙΟΥ
Sanida,42,64,Σανίδα,ΣΑΝΙΔΑ
Prastio Kellakiou,103,107,Πραστιό Κελλακίου,ΠΡΑΣΤΙΟ ΚΕΛΛΑΚΙΟΥ
Klonari,18,20,Κλωνάρι,ΚΛΩΝΑΡΙ
Vikla,1,1,Βίκλα,ΒΙΚΛΑ
Kellaki,299,315,Κελλάκι,ΚΕΛΛΑΚΙ
Akapnou,20,40,Ακαπνού,ΑΚΑΠΝΟΥ
Eptagoneia,353,316,Επταγώνεια,ΕΠΤΑΓΩΝΕΙΑ
Dierona,192,191,Διερώνα,ΔΙΕΡΩΝΑ
Arakapas,307,290,Αρακαπάς,ΑΡΑΚΑΠΑΣ
Agios Pavlos,135,119,Άγιος Παύλος,ΆΓΙΟΣ ΠΑΥΛΟΣ
Agios Konstantinos,137,170,Άγιος Κωνσταντίνος,ΆΓΙΟΣ ΚΩΝΣΤΑΝΤΙΝΟΣ
Sykopetra,120,106,Συκόπετρα,ΣΥΚΟΠΕΤΡΑ
Louvaras,363,365,Λουβαράς,ΛΟΥΒΑΡΑΣ
Kalo Chorio Lemesou,497,502,Καλό Χωριό Λεμεσού,ΚΑΛΟ ΧΩΡΙΟ ΛΕΜΕΣΟΥ
Zoopigi,140,149,Ζωοπηγή,ΖΩΟΠΗΓΗ
Akrotiri,870,933,Ακρωτήρι,ΑΚΡΩΤΗΡΙ
Asomatos Lemesou,726,893,Ασώματος Λεμεσού,ΑΣΩΜΑΤΟΣ ΛΕΜΕΣΟΥ
Tserkezoi,50,52,Τσερκέζοι,ΤΣΕΡΚΕΖΟΙ
Trachoni Lemesou,3952,4569,Τραχώνι Λεμεσού,ΤΡΑΧΩΝΙ ΛΕΜΕΣΟΥ
Kolossi,5651,6478,Κολόσσι,ΚΟΛΟΣΣΙ
Erimi,2432,3156,Ερήμη,ΕΡΗΜΗ
Episkopi Lemesou,3681,4111,Επισκοπή Λεμεσού,ΕΠΙΣΚΟΠΗ ΛΕΜΕΣΟΥ
Kantou,349,412,Καντού (το),ΚΑΝΤΟΥ (ΤΟ)
Sotira Lemesou,143,234,Σωτήρα Λεμεσού,ΣΩΤΗΡΑ ΛΕΜΕΣΟΥ
Prastio Avdimou,245,260,Πραστιό Αυδήμου,ΠΡΑΣΤΙΟ ΑΥΔΗΜΟΥ
Paramali,220,230,Παραμάλι,ΠΑΡΑΜΑΛΙ
Avdimou,535,563,Αυδήμου,ΑΥΔΗΜΟΥ
Platanisteia,45,34,Πλατανίστεια,ΠΛΑΤΑΝΙΣΤΕΙΑ
Agios Thomas,50,41,Άγιος Θωμάς,ΆΓΙΟΣ ΘΩΜΑΣ
Alektora,64,55,Αλέκτορα,ΑΛΕΚΤΟΡΑ
Anogyra,301,326,Ανώγυρα,ΑΝΩΓΥΡΑ
Pissouri,1819,2038,Πισσούρι,ΠΙΣΣΟΥΡΙ
Souni-Zanakia,837,1245,ΣΟΥΝΙ-ΖΑΝΑΚΙΑ,ΣΟΥΝΙ-ΖΑΝΑΚΙΑ
Alassa,282,285,Άλασσα,ΆΛΑΣΣΑ
Kato Kivides,5,0,Κάτω Κιβίδες (οι),ΚΑΤΩ ΚΙΒΙΔΕΣ (ΟΙ)
Pano Kivides,707,900,Πάνω Κιβίδες (οι),ΠΑΝΩ ΚΙΒΙΔΕΣ (ΟΙ)
Agios Amvrosios Lemesou,323,350,Άγιος Αμβρόσιος Λεμεσού,ΆΓΙΟΣ ΑΜΒΡΟΣΙΟΣ ΛΕΜΕΣΟΥ
Agios Therapon,125,206,Άγιος Θεράπων,ΆΓΙΟΣ ΘΕΡΑΠΩΝ
Lofou,46,79,Λόφου,ΛΟΦΟΥ
Pachna,865,850,Πάχνα,ΠΑΧΝΑ
Agios Georgios Lemesou,111,128,Άγιος Γεώργιος Λεμεσού,ΆΓΙΟΣ ΓΕΩΡΓΙΟΣ ΛΕΜΕΣΟΥ
Doros,135,135,Δωρός,ΔΩΡΟΣ
Laneia,281,385,Λάνεια,ΛΑΝΕΙΑ
Silikou,137,149,Σιλίκου,ΣΙΛΙΚΟΥ
Monagri,175,201,Μονάγρι,ΜΟΝΑΓΡΙ
Trimiklini,307,353,Τριμήκληνη,ΤΡΙΜΗΚΛΗΝΗ
Agios Mamas,114,113,Άγιος Μάμας,ΆΓΙΟΣ ΜΑΜΑΣ
Kouka,27,14,Κουκά,ΚΟΥΚΑ
Moniatis,275,337,Μονιάτης,ΜΟΝΙΑΤΗΣ
Dora,145,129,Δορά,ΔΟΡΑ
Gerovasa (Trozena),0,0,ΓΕΡΟΒΑΣΑ,ΓΕΡΟΒΑΣΑ
Arsos Lemesou,202,179,Άρσος Λεμεσού (το),ΆΡΣΟΣ ΛΕΜΕΣΟΥ (ΤΟ)
Kissousa,6,7,Κισσούσα,ΚΙΣΣΟΥΣΑ
Malia,64,65,Μαλιά,ΜΑΛΙΑ
Vasa Koilaniou,163,169,Βάσα Κοιλανίου,ΒΑΣΑ ΚΟΙΛΑΝΙΟΥ
Vouni,149,155,Βουνί,ΒΟΥΝΙ
Pera Pedi,120,141,Πέρα Πεδί,ΠΕΡΑ ΠΕΔΙ
Mandria Lemesou,107,117,Μανδριά Λεμεσού (τα),ΜΑΝΔΡΙΑ ΛΕΜΕΣΟΥ (ΤΑ)
Potamiou,36,38,Ποταμιού,ΠΟΤΑΜΙΟΥ
Omodos,322,334,Όμοδος (το),ΌΜΟΔΟΣ (ΤΟ)
Koilani,216,178,Κοιλάνι,ΚΟΙΛΑΝΙ
Agios Dimitrios,54,39,Άγιος Δημήτριος,ΆΓΙΟΣ ΔΗΜΗΤΡΙΟΣ
Palaiomylos,20,14,Παλαιόμυλος,ΠΑΛΑΙΟΜΥΛΟΣ
Prodromos,123,75,Πρόδρομος,ΠΡΟΔΡΟΜΟΣ
Kaminaria,44,19,Καμινάρια (τα),ΚΑΜΙΝΑΡΙΑ (ΤΑ)
Treis Elies,25,36,Τρεις Ελιές (οι),ΤΡΕΙΣ ΕΛΙΕΣ (ΟΙ)
Lemithou,88,72,Λεμίθου,ΛΕΜΙΘΟΥ
Kato Platres (Tornarides),148,123,Κάτω Πλάτρες,ΚΑΤΩ ΠΛΑΤΡΕΣ
Pano Platres,239,200,Πάνω Πλάτρες (οι),ΠΑΝΩ ΠΛΑΤΡΕΣ (ΟΙ)
Foini,391,347,Φοινί,ΦΟΙΝΙ
Amiantos,228,179,ΑΜΙΑΝΤΟΣ,ΑΜΙΑΝΤΟΣ
Troodos,N.A.,17,Τρόοδος,ΤΡΟΟΔΟΣ
Agios Theodoros Lemesou,65,63,Άγιος Θεόδωρος Λεμεσού,ΆΓΙΟΣ ΘΕΟΔΩΡΟΣ ΛΕΜΕΣΟΥ
Agios Ioannis Lemesou,339,314,Άγιος Ιωάννης Λεμεσού,ΆΓΙΟΣ ΙΩΑΝΝΗΣ ΛΕΜΕΣΟΥ
Kato Mylos,50,57,Κάτω Μύλος,ΚΑΤΩ ΜΥΛΟΣ
Potamitissa,62,65,Ποταμίτισσα,ΠΟΤΑΜΙΤΙΣΣΑ
Dymes,165,151,Δύμες (οι),ΔΥΜΕΣ (ΟΙ)
Pelendri,1074,1026,Πελένδρι,ΠΕΛΕΝΔΡΙ
Agros,806,844,Αγρός,ΑΓΡΟΣ
Agridia,104,108,Αγρίδια (τα),ΑΓΡΙΔΙΑ (ΤΑ)
Chandria,162,128,Χανδριά (τα),ΧΑΝΔΡΙΑ (ΤΑ)
Kyperounta,1516,1372,Κυπερούντα,ΚΥΠΕΡΟΥΝΤΑ
Pafos,32892,37297,Πάφος,ΠΑΦΟΣ
Geroskipou,7878,8355,Γεροσκήπου,ΓΕΡΟΣΚΗΠΟΥ
Konia,2209,2754,Κονιά (τα),ΚΟΝΙΑ (ΤΑ)
Agia Marinouda,266,425,Αγία Μαρινούδα,ΑΓΙΑ ΜΑΡΙΝΟΥΔΑ
Acheleia,145,137,Αχέλεια,ΑΧΕΛΕΙΑ
Chlorakas,5356,6421,Χλώρακας,ΧΛΩΡΑΚΑΣ
Lempa,506,454,Λέμπα,ΛΕΜΠΑ
Empa,4855,5505,Έμπα,ΈΜΠΑ
Tremithousa,1041,1171,Τρεμιθούσα,ΤΡΕΜΙΘΟΥΣΑ
Mesa Chorio,586,868,Μέσα Χωριό,ΜΕΣΑ ΧΩΡΙΟ
Mesogi,1689,1856,Μεσόγη,ΜΕΣΟΓΗ
Tala,2695,3100,Τάλα,ΤΑΛΑ
Kissonerga,2004,2292,Κισσόνεργα,ΚΙΣΣΟΝΕΡΓΑ
Kouklia Pafou,892,1211,Κούκλια Πάφου (τα),ΚΟΥΚΛΙΑ ΠΑΦΟΥ (ΤΑ)
Mandria Pafou,893,1114,Μανδριά Πάφου (τα),ΜΑΝΔΡΙΑ ΠΑΦΟΥ (ΤΑ)
Nikokleia,121,133,Νικόκλεια,ΝΙΚΟΚΛΕΙΑ
Souskiou,10,8,Σουσκιού,ΣΟΥΣΚΙΟΥ
Timi,1220,1063,Τίμη,ΤΙΜΗ
Agia Varvara Pafou,172,185,Αγία Βαρβάρα Πάφου,ΑΓΙΑ ΒΑΡΒΑΡΑ ΠΑΦΟΥ
Anarita,876,1006,Αναρίτα,ΑΝΑΡΙΤΑ
Marathounta,309,325,Μαραθούντα,ΜΑΡΑΘΟΥΝΤΑ
Armou,600,663,Άρμου,ΆΡΜΟΥ
Episkopi Pafou,220,205,Επισκοπή Πάφου,ΕΠΙΣΚΟΠΗ ΠΑΦΟΥ
Nata,181,151,Νατά,ΝΑΤΑ
Choletria,264,256,Χολέτρια (τα),ΧΟΛΕΤΡΙΑ (ΤΑ)
Axylou,61,64,Αξύλου,ΑΞΥΛΟΥ
Eledio,44,35,Ελεδιό (η),ΕΛΕΔΙΟ (Η)
Tsada,1043,1180,Τσάδα,ΤΣΑΔΑ
Koili,466,559,Κοίλη,ΚΟΙΛΗ
Stroumpi,540,600,Στρουμπί,ΣΤΡΟΥΜΠΙ
Polemi,848,870,Πολέμι,ΠΟΛΕΜΙ
Kallepeia,326,343,Καλλέπεια,ΚΑΛΛΕΠΕΙΑ
Letymvou,249,240,Λετύμβου,ΛΕΤΥΜΒΟΥ
Pitargou,0,0,Πιταργού,ΠΙΤΑΡΓΟΥ
Kourdaka,7,6,Κούρδακα,ΚΟΥΡΔΑΚΑ
Lemona,51,43,Λεμώνα,ΛΕΜΩΝΑ
Choulou,147,120,Χούλου,ΧΟΥΛΟΥ
Akoursos,22,36,Ακουρσός (η),ΑΚΟΥΡΣΟΣ (Η)
Kathikas,438,387,Κάθικας,ΚΑΘΙΚΑΣ
Pegeia,3953,6945,Πέγεια,ΠΕΓΕΙΑ
Pano Archimandrita,43,26,Πάνω Αρχιμανδρίτα,ΠΑΝΩ ΑΡΧΙΜΑΝΔΡΙΤΑ
Fasoula Pafou,56,43,Φασούλα Πάφου,ΦΑΣΟΥΛΑ ΠΑΦΟΥ
Mousere,2,1,Μούσερε (το),ΜΟΥΣΕΡΕ (ΤΟ)
Mamonia,51,48,Μαμώνια (τα),ΜΑΜΩΝΙΑ (ΤΑ)
Agios Georgios Pafou,101,80,Άγιος Γεώργιος Πάφου,ΆΓΙΟΣ ΓΕΩΡΓΙΟΣ ΠΑΦΟΥ
Stavrokonnou,56,51,Σταυροκόννου,ΣΤΑΥΡΟΚΟΝΝΟΥ
Prastio Pafou,8,7,Πραστιό Πάφου,ΠΡΑΣΤΙΟ ΠΑΦΟΥ
Trachypedoula,64,43,Τραχυπέδουλα,ΤΡΑΧΥΠΕΔΟΥΛΑ
Kelokedara,193,139,Κελοκέδαρα,ΚΕΛΟΚΕΔΑΡΑ
Salamiou,265,195,Σαλαμιού,ΣΑΛΑΜΙΟΥ
Kidasi,11,18,Κιδάσι,ΚΙΔΑΣΙ
Kedares,80,39,Κέδαρες (οι),ΚΕΔΑΡΕΣ (ΟΙ)
Mesana,31,21,Μέσανα,ΜΕΣΑΝΑ
Praitori,23,28,Πραιτώρι,ΠΡΑΙΤΩΡΙ
Filousa Kelokedaron,17,15,Φιλούσα Κελοκεδάρων,ΦΙΛΟΥΣΑ ΚΕΛΟΚΕΔΑΡΩΝ
Arminou,24,31,Αρμίνου,ΑΡΜΙΝΟΥ
Agios Nikolaos Pafou,61,60,Άγιος Νικόλαος Πάφου,ΆΓΙΟΣ ΝΙΚΟΛΑΟΣ ΠΑΦΟΥ
Agios Ioannis Pafou,29,38,Άγιος Ιωάννης Πάφου,ΆΓΙΟΣ ΙΩΑΝΝΗΣ ΠΑΦΟΥ
Amargeti,209,162,Αμαργέτη,ΑΜΑΡΓΕΤΗ
Agia Marina Kelokedaron,37,37,Αγία Μαρίνα Κελοκεδάρων,ΑΓΙΑ ΜΑΡΙΝΑ ΚΕΛΟΚΕΔΑΡΩΝ
Pentalia,63,61,Πενταλιά,ΠΕΝΤΑΛΙΑ
Faleia,2,2,Φάλεια,ΦΑΛΕΙΑ
Galataria,56,45,Γαλαταριά,ΓΑΛΑΤΑΡΙΑ
Koilineia,39,25,Κοιλίνεια,ΚΟΙΛΙΝΕΙΑ
Vretsia,1,0,Βρέτσια (τα),ΒΡΕΤΣΙΑ (ΤΑ)
Statos-Agios Fotios,243,193,ΣΤΑΤΟΣ-ΆΓΙΟΣ ΦΩΤΙΟΣ,ΣΤΑΤΟΣ-ΆΓΙΟΣ ΦΩΤΙΟΣ
Lapithiou,0,0,Λαπηθιού,ΛΑΠΗΘΙΟΥ
Mamountali,18,2,Μαμούνταλη,ΜΑΜΟΥΝΤΑΛΗ
Pano Panagia,481,392,Πάνω Παναγιά,ΠΑΝΩ ΠΑΝΑΓΙΑ
Asprogia,60,56,Ασπρογιά,ΑΣΠΡΟΓΙΑ
Psathi,110,101,Ψάθι,ΨΑΘΙ
Agios Dimitrianos,91,71,Άγιος Δημητριανός,ΆΓΙΟΣ ΔΗΜΗΤΡΙΑΝΟΣ
Kannaviou,175,131,Κανναβιού,ΚΑΝΝΑΒΙΟΥ
Thrinia,55,44,Θρινιά,ΘΡΙΝΙΑ
Milia Pafou,14,6,Μηλιά Πάφου,ΜΗΛΙΑ ΠΑΦΟΥ
Kritou Marottou,85,69,Κρίτου Μαρόττου,ΚΡΙΤΟΥ ΜΑΡΟΤΤΟΥ
Fyti,150,76,Φύτη,ΦΥΤΗ
Lasa,67,57,Λάσα,ΛΑΣΑ
Drymou,110,105,Δρύμου,ΔΡΥΜΟΥ
Simou,185,207,Σίμου,ΣΙΜΟΥ
Anadiou,17,17,Αναδιού,ΑΝΑΔΙΟΥ
Sarama,2,0,Σαραμά,ΣΑΡΑΜΑ
Evretou,3,0,Ευρέτου,ΕΥΡΕΤΟΥ
Filousa Chrysochous,31,28,Φιλούσα Χρυσοχούς,ΦΙΛΟΥΣΑ ΧΡΥΣΟΧΟΥΣ
Kios,0,0,Κιός (η),ΚΙΟΣ (Η)
Meladeia,17,19,Μελάδεια,ΜΕΛΑΔΕΙΑ
Melandra,2,0,Μελάνδρα,ΜΕΛΑΝΔΡΑ
Lysos,205,172,Λυσός (η),ΛΥΣΟΣ (Η)
Peristerona Pafou,302,290,Περιστερώνα Πάφου,ΠΕΡΙΣΤΕΡΩΝΑ ΠΑΦΟΥ
Theletra,269,155,Θελέτρα,ΘΕΛΕΤΡΑ
Giolou,762,814,Γιόλου,ΓΙΟΛΟΥ
Pano Akourdaleia,44,34,Πάνω Ακουρδάλεια,ΠΑΝΩ ΑΚΟΥΡΔΑΛΕΙΑ
Miliou,89,57,Μηλιού,ΜΗΛΙΟΥ
Kato Akourdaleia,65,52,Κάτω Ακουρδάλεια,ΚΑΤΩ ΑΚΟΥΡΔΑΛΕΙΑ
Tera,36,18,Τέρα,ΤΕΡΑ
Kritou Tera,86,68,Κρίτου Τέρα,ΚΡΙΤΟΥ ΤΕΡΑ
Skoulli,65,73,Σκούλλη (του),ΣΚΟΥΛΛΗ (ΤΟΥ)
Choli,83,74,Χόλη (του),ΧΟΛΗ (ΤΟΥ)
Loukrounou,4,13,Λουκρούνου,ΛΟΥΚΡΟΥΝΟΥ
Karamoullides,33,4,Καραμούλληδες,ΚΑΡΑΜΟΥΛΛΗΔΕΣ
Chrysochou,132,116,Χρυσοχού,ΧΡΥΣΟΧΟΥ
Polis,2018,2573,Πόλις (η),ΠΟΛΙΣ (Η)
Neo Chorio Pafou,519,522,Νέο Χωριό Πάφου,ΝΕΟ ΧΩΡΙΟ ΠΑΦΟΥ
Goudi,204,231,Γουδί,ΓΟΥΔΙ
Kato Arodes,39,46,Κάτω Αρόδες (οι),ΚΑΤΩ ΑΡΟΔΕΣ (ΟΙ)
Pano Arodes,135,137,Πάνω Αρόδες (οι),ΠΑΝΩ ΑΡΟΔΕΣ (ΟΙ)
Ineia,385,319,Ίνεια,ΊΝΕΙΑ
Drouseia,405,473,Δρούσεια,ΔΡΟΥΣΕΙΑ
Fasli,0,0,Φάσλι,ΦΑΣΛΙ
Androlikou,34,28,Ανδρολίκου,ΑΝΔΡΟΛΙΚΟΥ
Pelathousa,57,53,Πελαθούσα,ΠΕΛΑΘΟΥΣΑ
Kynousa,71,77,Κυνούσα,ΚΥΝΟΥΣΑ
Makounta,116,71,Μακούντα,ΜΑΚΟΥΝΤΑ
Argaka,1078,1081,Αργάκα,ΑΡΓΑΚΑ
Gialia,202,182,Γιαλιά,ΓΙΑΛΙΑ
Agia Marina Chrysochous,647,591,Αγία Μαρίνα Χρυσοχούς,ΑΓΙΑ ΜΑΡΙΝΑ ΧΡΥΣΟΧΟΥΣ
Nea Dimmata,50,55,Νέα Δήμματα (τα),ΝΕΑ ΔΗΜΜΑΤΑ (ΤΑ)
Pomos,448,450,Πομός,ΠΟΜΟΣ
Steni,173,161,Στενή,ΣΤΕΝΗ
Agios Isidoros,7,13,Άγιος Ισίδωρος,ΆΓΙΟΣ ΙΣΙΔΩΡΟΣ
